Necessary,Natural,Noticed
Strategic Planning,"Analytical Skills, Relationship Building,","High Efficiency, Ecosystem Awareness,"
Budget Management,"Analytical Skills, Forecast, Decision Making",Cost Optimization
IT Infra Management,"Problem Solving, Communication","Attention to Detail, Cost Optimization,"
Team Leadership,"Communication, Relationship Building, Decision Making","Empathetic, Dynamic, Listening Skills"
Security Management,"Communication, Problem Solving, Critical Thinking","Attention to Detail, Escalation Management"
Project Management,"Organized Thinking, Decision Making","Cost Optimization, High Efficiency"
Stakeholder Management,"Communication, Problem Solving, Relationship Building","Listening Skills, Inspiring Others"
Vendor Management,"Relationship Building, Negotiation Skills, Communication","Attention to Detail, Cost Optimization,"
Driving Innovation,"Creative Thinking, Curious Mindset, Presentation Skills","Inspiring Others, Risk Management"
Performance Monitoring,"Observation Skills, Analytical Skills, Communication","Attention to Detail, Cost Optimization,"
